{"acc": 0.9496627449989319, "prec0": 0.9469579458236694, "prec1": 0.9894829392433167, "rec0": 0.9992461800575256, "rec1": 0.5589109063148499, "auroc": 0.9801842122776258, "auprc": 0.9127607595431798, "minpse": 0.8224530168150346}