{"acc": 0.9241317510604858, "prec0": 0.925075888633728, "prec1": 0.904294490814209, "rec0": 0.995100200176239, "rec1": 0.3648514747619629, "auroc": 0.9366171192155336, "auprc": 0.7333268783221913, "minpse": 0.6477553034040454}