{"acc": 0.930040717124939, "prec0": 0.9310405850410461, "prec1": 0.9117330312728882, "rec0": 0.994848906993866, "rec1": 0.4193069338798523, "auroc": 0.9518193901179174, "auprc": 0.7864602211420482, "minpse": 0.7}